,phrase,label,sentiment,subjectivity,language,count
Vatikan,Vatikan,LOC,0.026041666666666657,0.03125,de,48
Türkei,Türkei,LOC,-0.08541666666666665,0.08333333333333333,de,48
Antarktis,Antarktis,LOC,0.022727272727272728,0.15,de,22
Malediven,Malediven,LOC,0.0,0.08333333333333333,de,12
Rom,Rom,LOC,-0.16666666666666666,0.0,de,12
Ukraine,Ukraine,LOC,0.13999999999999999,0.2,de,5
Australien,Australien,LOC,0.45999999999999996,0.26666666666666666,de,5
China,China,LOC,-0.2,0.0,de,5
Island,Island,LOC,0.0,0.0,de,5
Südpol,Südpol,LOC,0.0,0.4,de,5
Istanbul,Istanbul,LOC,-0.8,0.0,de,5
Russland,Russland,LOC,-0.13999999999999999,0.0,de,5
Synodenteams,Synodenteams,LOC,0.0,0.25,de,4
Bermuda,Bermuda,LOC,-0.35,0.0,de,4
Deutschland,Deutschland,LOC,0.0,0.0,de,4
USA,USA,LOC,-0.175,0.0,de,4
Libanon,Libanon,LOC,-0.175,0.0,de,4
Ankara,Ankara,LOC,-0.09999999999999998,0.0,de,4
Neuseeland,Neuseeland,LOC,0.4916666666666667,0.3333333333333333,de,4
Mitwirkungsgremien,Mitwirkungsgremien,LOC,0.0,0.25,de,4
Jordanien,Jordanien,LOC,0.0,0.0,de,3
Lissabon,Lissabon,LOC,0.0,0.0,de,3
Jamaika,Jamaika,LOC,-0.2333333333333333,0.0,de,3
Kuba,Kuba,LOC,-0.2333333333333333,0.0,de,3
Europa,Europa,LOC,0.3333333333333333,0.0,de,3
Erde,Erde,LOC,0.0,0.0,de,3
Hektoria-Gletscher,Hektoria-Gletscher,LOC,-0.11666666666666665,0.16666666666666666,de,3
Niedersachsen,Niedersachsen,LOC,-0.3333333333333333,0.0,de,3
Reykjavík,Reykjavík,LOC,0.0,0.0,de,3
Belgien,Belgien,LOC,0.0,0.0,de,3
Israel,Israel,LOC,0.2333333333333333,0.0,de,3
Krill,Krill,LOC,-0.6666666666666666,0.0,de,3
Roms,Roms,LOC,-0.175,0.25,de,2
Kalenderblatt,Kalenderblatt,LOC,0.0,0.0,de,2
Haus in Türkei,Haus in Türkei,LOC,-1.0,0.0,de,2
Hamburg,Hamburg,LOC,0.0,0.0,de,2
Spanien,Spanien,LOC,0.0,0.0,de,2
Vereinigte Arabische Emirate,Vereinigte Arabische Emirate,LOC,0.0,0.0,de,2
Oct,Oct,LOC,0.0,0.0,de,2
Cádiz,Cádiz,LOC,-0.15000000000000002,0.0,de,2
Weddellmeer,Weddellmeer,LOC,-0.175,0.75,de,2
Appenzeller,Appenzeller,LOC,-0.7,0.0,de,2
Chinas,Chinas,LOC,0.0,0.0,de,2
Italiens,Italiens,LOC,0.0,0.0,de,2
Gaza-Konflikt,Gaza-Konflikt,LOC,0.0,0.0,de,2
Bartolo Longo am Sonntag,Bartolo Longo am Sonntag,LOC,0.5,0.0,de,2
Lösungen,Lösungen,LOC,0.0,0.0,de,2
Europas,Europas,LOC,0.0,0.0,de,2
Algarve,Algarve,LOC,0.0,0.0,de,2
Weltkirche,Weltkirche,LOC,1.0,0.0,de,2
Apostolischen Palast,Apostolischen Palast,LOC,-0.35,0.0,de,2
den Niederlanden,den Niederlanden,LOC,0.0,0.0,de,2
Hotelkombi,Hotelkombi,LOC,0.0,0.0,de,2
Haiti,Haiti,LOC,-0.35,0.0,de,2
Naumburger Dom,Naumburger Dom,LOC,0.0,0.0,de,2
Friedens,Friedens,LOC,0.0,0.9,de,2
Polen,Polen,LOC,0.175,0.25,de,2
Dozulé,Dozulé,LOC,-0.7125,0.0,de,2
Frankreich,Frankreich,LOC,-0.7125,0.0,de,2
Nichtitaliener,Nichtitaliener,LOC,0.175,0.25,de,2
Zypern,Zypern,LOC,0.0,0.0,de,2
Südgeorgien,Südgeorgien,LOC,0.0,0.0,de,2
Wirbelsturm,Wirbelsturm,LOC,-0.35,0.0,de,2
Rania,Rania,LOC,-0.35,0.0,de,2
Buckingham Palast,Buckingham Palast,LOC,0.7,0.0,de,2
Kurs,Kurs,LOC,-0.35,0.0,de,2
Los Angeles Sydney,Los Angeles Sydney,LOC,1.0,0.0,de,1
Hohenschönhausens,Hohenschönhausens,LOC,0.0,0.0,de,1
Welterbestatus,Welterbestatus,LOC,-0.7,0.0,de,1
Zombie-Würmer,Zombie-Würmer,LOC,-1.0,0.0,de,1
Ostantarktis,Ostantarktis,LOC,0.0,0.0,de,1
Südpolarmeeres,Südpolarmeeres,LOC,0.0,0.0,de,1
Ringelmücken-Alarm,Ringelmücken-Alarm,LOC,0.0,0.0,de,1
Südlichen Ozean,Südlichen Ozean,LOC,-1.0,0.0,de,1
Schneckentempo,Schneckentempo,LOC,-0.7,0.0,de,1
Steckmücken,Steckmücken,LOC,0.0,0.0,de,1
Chancen,Chancen,LOC,0.0,1.0,de,1
Meer in Gefahr,Meer in Gefahr,LOC,0.0,0.0,de,1
Hohenschönhausen,Hohenschönhausen,LOC,0.0,0.0,de,1
Gaza,Gaza,LOC,1.0,0.0,de,1
Waffenstillstands,Waffenstillstands,LOC,0.0,0.0,de,1
Berlin,Berlin,LOC,0.0,0.0,de,1
Ho…,Ho…,LOC,0.0,0.0,de,1
Mittelmeerraum,Mittelmeerraum,LOC,0.0,0.0,de,1
Jerusalemer,Jerusalemer,LOC,0.0,0.0,de,1
Versöhnung,Versöhnung,LOC,1.0,0.0,de,1
Repression,Repression,LOC,1.0,0.0,de,1
Knast,Knast,LOC,0.0,0.0,de,1
subantarktische Insel,subantarktische Insel,LOC,0.0,0.0,de,1
See-Elefanten,See-Elefanten,LOC,0.0,0.0,de,1
Ka… Vatikanstadt,Ka… Vatikanstadt,LOC,0.0,0.0,de,1
Neus…,Neus…,LOC,0.3333333333333333,0.0,de,1
gaaanz,gaaanz,LOC,-0.25,0.4,de,1
Aurora Australis,Aurora Australis,LOC,0.7,0.0,de,1
Istanbuler,Istanbuler,LOC,0.0,0.0,de,1
Gazastreifen,Gazastreifen,LOC,0.0,0.0,de,1
Ceuta,Ceuta,LOC,0.7,0.0,de,1
Staa…,Staa…,LOC,0.0,0.0,de,1
Lateranbasilik…,Lateranbasilik…,LOC,0.7,0.0,de,1
Petersdom,Petersdom,LOC,0.7,0.0,de,1
Meeresspiegels,Meeresspiegels,LOC,0.7,0.0,de,1
Antarktis schmilzt,Antarktis schmilzt,LOC,0.0,0.0,de,1
Rekordtempo,Rekordtempo,LOC,0.0,0.0,de,1
Vatikanstadt,Vatikanstadt,LOC,0.0,0.0,de,1
Naumburg,Naumburg,LOC,0.0,0.0,de,1
Gletscher schmilzt,Gletscher schmilzt,LOC,0.0,0.0,de,1
Regierungspräsidiums Stuttgart,Regierungspräsidiums Stuttgart,LOC,0.0,0.0,de,1
Heilbronner,Heilbronner,LOC,0.0,0.0,de,1
zwischengeparkt,zwischengeparkt,LOC,0.0,0.0,de,1
Synodenbüro,Synodenbüro,LOC,0.0,0.0,de,1
Sixtinischer,Sixtinischer,LOC,0.0,0.0,de,1
München,München,LOC,0.0,0.0,de,1
Mainzer Bischof,Mainzer Bischof,LOC,0.0,1.0,de,1
Latiano,Latiano,LOC,0.0,0.0,de,1
Brindisi,Brindisi,LOC,0.0,0.0,de,1
Vereinigten Arabischen Emirate,Vereinigten Arabischen Emirate,LOC,0.0,0.0,de,1
Sixtus-Palast,Sixtus-Palast,LOC,0.0,0.0,de,1
Turm Nikolaus V.,Turm Nikolaus V.,LOC,0.0,0.0,de,1
Glaubwürdigkeit,Glaubwürdigkeit,LOC,0.0,0.0,de,1
Vatikans,Vatikans,LOC,0.0,0.0,de,1
Stadtstaat,Stadtstaat,LOC,0.0,0.0,de,1
türkischen Regierung,türkischen Regierung,LOC,0.0,0.0,de,1
Influencer-Fotos,Influencer-Fotos,LOC,0.0,0.0,de,1
Liebäugelst du,Liebäugelst du,LOC,0.7,0.0,de,1
Everest,Everest,LOC,0.7,0.0,de,1
Mount Vinson im Jahr 1986,Mount Vinson im Jahr 1986,LOC,0.0,0.0,de,1
Parteitags,Parteitags,LOC,0.0,0.0,de,1
Springschwänze,Springschwänze,LOC,0.0,0.0,de,1
Westantarktis ,Westantarktis ,LOC,0.0,0.0,de,1
Hudson Mountains,Hudson Mountains,LOC,0.0,0.0,de,1
Rätsel,Rätsel,LOC,0.0,0.0,de,1
Netanjahu,Netanjahu,LOC,0.0,0.0,de,1
Anglikaner,Anglikaner,LOC,0.7,0.0,de,1
Mikroplastik,Mikroplastik,LOC,0.0,0.0,de,1
Atemluft,Atemluft,LOC,0.0,0.0,de,1
Jerusalem,Jerusalem,LOC,0.7,0.0,de,1
Machtverschiebungen,Machtverschiebungen,LOC,0.0,0.0,de,1
Petersplatz,Petersplatz,LOC,1.0,0.0,de,1
Unifil,Unifil,LOC,1.0,0.0,de,1
US-Präsident,US-Präsident,LOC,0.7,0.0,de,1
Milizen,Milizen,LOC,1.0,0.0,de,1
Indische Ozean,Indische Ozean,LOC,0.0,0.0,de,1
US-Hurrikanzentrum,US-Hurrikanzentrum,LOC,-0.7,0.0,de,1
Hessen,Hessen,LOC,0.0,0.0,de,1
Oppositionspolitikern,Oppositionspolitikern,LOC,0.0,0.0,de,1
Termine,Termine,LOC,0.0,0.0,de,1
Rom zo…,Rom zo…,LOC,0.0,0.0,de,1
Scharm al-Scheich,Scharm al-Scheich,LOC,0.0,0.0,de,1
Newyork,Newyork,LOC,0.7,0.0,de,1
Italien,Italien,LOC,0.0,0.0,de,1
New York,New York,LOC,0.0,0.0,de,1
Al-Faschir,Al-Faschir,LOC,1.0,0.0,de,1
Schwester Scolastica,Schwester Scolastica,LOC,-0.7,0.0,de,1
Westjordanlands,Westjordanlands,LOC,0.0,0.0,de,1
Kloster Wonnenstein,Kloster Wonnenstein,LOC,-0.7,0.0,de,1
Kubas,Kubas,LOC,0.0,0.0,de,1
Bahamas,Bahamas,LOC,-0.7,0.0,de,1
Karibik,Karibik,LOC,0.0,0.0,de,1
Inselparadies,Inselparadies,LOC,0.0,0.0,de,1
Lovehatte,Lovehatte,LOC,0.0,0.0,de,1
Saint Tropez,Saint Tropez,LOC,0.0,0.0,de,1
Außenpo…,Außenpo…,LOC,0.0,0.0,de,1
Azoren,Azoren,LOC,0.0,0.0,de,1
Portugal,Portugal,LOC,0.0,0.0,de,1
Gebiet pas…,Gebiet pas…,LOC,0.0,0.0,de,1
Wirbelsturm Melissa,Wirbelsturm Melissa,LOC,0.0,0.0,de,1
